Terms,Type,Descriptions,Related_Figures
anterior,anatomy-direction,ด้านหน้า,direction1.jpg
posterior,anatomy-direction,ด้านท้าย,direction1.jpg
median,anatomy-direction,ตรงกลาง,direction2.jpg
lateral,anatomy-direction,ด้านข้าง,direction2.jpg
marginal,anatomy-direction,ด้านขอบ บริเวณขอบ,nomiaT12mark.jpg
margin,anatomy-direction,ขอบ,nomiaT12mark.jpg
inner,anatomy-direction,ด้านใน (เมื่อเทียบกับแนวกลางตัว),direction2.jpg
outer,anatomy-direction,ด้านนอก (เมื่อเทียบกับแนวกลางตัว),direction2.jpg
apical,anatomy-direction,ด้านปลาย ส่วนปลาย,direction3.jpg
proximal,anatomy-direction,คือ basal (ด้านฐาน ส่วนฐาน),direction3.jpg
basal,anatomy-direction,ด้านฐาน ส่วนฐาน,direction3.jpg
distal,anatomy-direction,คือ apical (ด้านปลาย ส่วนปลาย),direction3.jpg
frontal,anatomy-direction,ด้านหน้าของส่วนหัว (ด้านที่ใบหน้าหัน),
parallel,anatomy-direction,ขนานไปกับ,
tangent,anatomy-direction,สัมผัสกับ,
dorsal,anatomy-direction,ด้านหลัง,direction1.jpg
ventral,anatomy-direction,ด้านท้อง,direction1.jpg
dense,anatomy-quantification-puncture,หนาแน่น (เรียงตัวอย่างหนาแน่น),punctureQuant.jpg
sparse,anatomy-quantification-puncture,ประปราย (เรียงตัวอย่างประปราย),punctureQuant.jpg
fine,anatomy-quantification-puncture,ละเอียด (ขนาด),punctureQuant.jpg
coarse,anatomy-quantification-puncture,หยาบ (ขนาด),punctureQuant.jpg
compact,anatomy-quantification-puncture,แน่น กระจายตัวอย่างหนาแน่น,punctureQuant.jpg
loose,anatomy-quantification-puncture,หลวม กระจายตัวอย่างหลวม,punctureQuant.jpg
prominent,anatomy-quantification-puncture,โดดเด่น,punctureQuant.jpg
minute,anatomy-quantification-puncture,เล็ก ขนาดเล็ก ด้อยลงไป,punctureQuant.jpg
uniform,anatomy-quantification-puncture,เรียงตัวสม่ำเสมอ,punctureQuant.jpg
clump,anatomy-quantification-puncture,เรียงตัวไม่สม่ำเสมอ โดยมีการเกาะกลุ่มกันชัดเจน,punctureQuant.jpg
random,anatomy-quantification-puncture,เรียงตัวไม่สม่ำเสมอ โดยมีรูปแบบไม่แน่นอน,punctureQuant.jpg
confuse,anatomy-quantification-puncture,แยกจากกันยาก รูปร่างไม่ชัดเจน ความหมายคล้าย irregular,punctureQuant.jpg
irregular,anatomy-quantification-puncture,แยกจากกันยาก รูปร่างไม่ชัดเจน ความหมายคล้าย confuse,punctureQuant.jpg
attenuated,anatomy-quantification,จางลง บรรเทา,
conspicuous,anatomy-quantification,เด่นชัด,
augment,anatomy-quantification,การเสริม การเพิ่มพูน,
diminish,anatomy-quantification,การลดทอน ทำให้ลดลง,
transparent,coloration,โปร่งใส (แสงผ่านได้ทั้งหมด หรือแทบทั้งหมด) สังเกตลูกศรสีน้ำเงิน,wingNomia.jpg
translucent,coloration,โปร่งแสง (แสงผ่านได้บ้าง หรือเล็กน้อย) สังเกตลูกศรสีแดง,wingNomia.jpg
opaque,coloration,ทึบแสง ขุ่นมัว,nomiaT12.jpg
maculation,coloration,มีลวดลาย มีรอยแต้มสีปรากฎ,maculation.jpg
mark,coloration,รอย เครื่องหมาย (marking) นิยมใช้ระบุถึงลักษณะรอยแต้มสีนั้น ๆ,mark.jpg
band,coloration,แถบ แถบคาด,band.jpg
stripe,coloration,แถบ ริ้ว บั้ง,band.jpg
annulate,coloration,แถบพาดเป็นวง วงแหวน,band.jpg
pale,coloration,ขาวนวล ขาวซีด,pale.jpg
fulvous,coloration,โทนน้ำตาลเหลือง โทนน้ำตาลซีด,
flavous,coloration,เหลือง,flavous.jpg
fuscous,coloration,โทนเข้ม โทนสีเทาเข้ม,
piceous,coloration,โทนสีดำ โทนสีหมึก,nomiaT12.jpg
testaceous,coloration,โทนสีน้ำตาล น้ำตาลคล้ายเปลือกไข่สีเข้ม,
ochraceous,coloration,โทนสีเหลืองจาง เหลืองส้ม เหลืองแบบดินเหลือง (ochre),
rufous,coloration,โทนสีแดงอมน้ำตาล,
violaceous,coloration,โทนสีม่วงคล้ายมะเขือม่วง,
ferrugineus,coloration,โทนสีสนิม,
opalescent,coloration,สีขาวนวลแต่มีการเหลือบแสงคล้ายโอปอล มักใช้ใกล้เคียงกับคำว่า iridescens,nomiaOpal.jpg
metallic,coloration,วาวแบบโลหะ,metallic.jpg
emerald,coloration,มรกต นิยมใช้แทนสีเขียวที่มีความวาวแบบโลหะ (metallic green),PithitisLat.jpg
neon,coloration,สีฟ้า-น้ำเงินสว่าง มีความหมายในลักษณะเดียวกับคำว่า electric blue นิยมใช้แทนสีฟ้าที่มีความวาวแบบโลหะ (metallic blue),
electric blue,coloration,สีฟ้า-น้ำเงินสว่าง มีความหมายในลักษณะเดียวกับคำว่า neon นิยมใช้แทนสีฟ้าที่มีความวาวแบบโลหะ (metallic blue),
iridescent,coloration,สีเหลือบ ประกายสีรุ้ง มีสีสันเหมือนสีรุ้งโดยเฉพาะเมื่อมีแสงตกกระทบในมุมต่าง ๆ (light polarization) เช่น ปีกของแมลงภู่ (large carpenter bee),iridescent.jpg
dusky,coloration,สีหม่น โทนหม่น เช่นบริเวณของปีกในภาพที่หม่นกว่าบริเวณอื่นชัดเจน,wingNomia.jpg
dark,coloration,มืด สีโทนมืด เช่นบริเวณของปีกในภาพที่เข้มกว่าบริเวณอื่นชัดเจน,wingNomia.jpg
faded,coloration,จาง สีจางลง,
intermix,coloration,ผสมกัน หรือมีการปรากฎร่วมกัน (intermixed) เช่น ขนสีต่าง ๆ ที่ปรากฎแซมร่วมกัน,intermix.jpg
pigment,coloration,เม็ดสี,
tanning,coloration,เรี่มมีการสะสมเม็ดสี กระบวนการสะสมเม็ดสี,
sclerotization,coloration,มีการสะสมเม็ดสีและทำให้โครงร่างแข็งภายนอกแข็งแรงขึ้น,
decoloration,coloration,สีจางลง,
discoloration,coloration,สีเปลี่ยนไป,
enamel,coloration,สีขาวแบบสีของฟัน สีของเคลือบฟัน มักใช้ในลักษณะเดียวกับคำว่า ivory,ivory.jpg
ivory,coloration,สีขาวแบบสีของงาช้าง มักใช้ในลักษณะเดียวกับคำว่า enamel,ivory.jpg
aedeagus,structures-genitalia,อวัยวะเพศผู้,
male genitalia,structures-genitalia,อวัยวะเพศผู้,genitaliaMichener.jpg
gonostylus,structures-genitalia,ก้านอวัยวะเพศ นิยมใช้เรียกส่วน gonoforceps และ gonostylus ที่บางแคบเป็นแท่งเรียวยาว,genitaliaMichener.jpg
gonoforceps,structures-genitalia,คีมหนีบ เป็นโครงสร้างส่วนปลายที่ถัดมาจากโคนโครงอวัยวะเพศ (gonocoxa),genitaliaMichener.jpg
gonobase,structures-genitalia,ฐานโครงอวัยวะเพศ,genitaliaMichener.jpg
vorsella,structures-genitalia,โครงอวัยวะเพศส่วนหนีบด้านใน,genitaliaMichener.jpg
gonocoxa,structures-genitalia,โคนโครงอวัยวะเพศ,genitaliaMichener.jpg
penis valve,structures-genitalia,ลิ้นเปิดปิดอวัยวะเพศ,genitaliaMichener.jpg
apodeme,structures-genitalia,โครงร่างแข็งภายนอก (exoskeleton) ที่ยื่นเข้าไปในร่างกายเพื่อเป็นจุดยึดเกาะของกล้ามเนื้อ โดยสำหรับโครงสร่างที่เกี่ยวกับการสืบพันธุ์ที่ซ่อนอยู่ภายในร่างกายอยู่แล้ว จะยังมีส่วนก้าน apodeme ปรากฎ,genitaliaMichener.jpg
spatha,structures-genitalia,ปลอกอวัยวะเพศ,
foreleg,structures-legs,ขาหน้า,
midleg,structures-legs,ขากลาง,
hindleg,structures-legs,ขาหลัง,
coxa,structures-legs,ส่วนของขา: โคนขา (ภาพจาก Michener (2007)),leg.jpg
trochanter,structures-legs,ส่วนของขา: ปล้องก่อนหน้าต้นขา จะอยู่ถัดจากโคนขา (ภาพจาก Michener (2007)),leg.jpg
femur,structures-legs,ส่วนของขา: ต้นขา (ภาพจาก Michener (2007)),leg.jpg
tibia,structures-legs,ส่วนของขา: แข้ง (ภาพจาก Michener (2007)),leg.jpg
tarsus,structures-legs,ส่วนของขา: ปล้องเท้า (ภาพจาก Michener (2007)),leg.jpg
tarsomere,structures-legs,ส่วนของขา: ปล้องย่อยเท้า,
basitarsus,structures-legs,ส่วนของขา: ปล้องย่อยเท้าปล้องแรก (ภาพจาก Michener (2007)),leg.jpg
mediotarsus,structures-legs,ส่วนของขา: ปล้องกลางเท้า (ภาพจาก Michener (2007)),leg.jpg
distitarsus,structures-legs,ส่วนของขา: ปล้องปลายเท้า (ภาพจาก Michener (2007)),leg.jpg
tarsal claw,structures-legs,เล็บ (ภาพจาก Michener (2007)),leg.jpg
arolium,structures-legs,เบาะเท้า,
empodium,structures-legs,ขนระหว่างเล็บ,
basitibial plate,structures-legs,ส่วนของขา: สะบ้าเข่า (ภาพจาก Michener (2007)),leg.jpg
tibial spine,structures-legs,ส่วนของขา: หนามแข้ง (ภาพจาก Michener (2007)),leg.jpg
tibial spur,structures-legs,ส่วนของขา: เดือยแข้ง (ภาพจาก Michener (2007)),leg.jpg
antennal cleaner,structures-legs,ส่วนของขา: โครงสร้างทำความสะอาดหนวด มักปรากฎที่ขาหน้า (foreleg) (ภาพจาก Michener (2007)),leg.jpg
penicillus,structures-legs,ขนแปรง เป็นกระจุกขนที่ปรากฎที่ส่วนปลายขอบนอกของ basitarsus ในผึ้งบางชนิด (ภาพจาก Michener (2007)),leg.jpg
keirotrichia,structures-legs,บริเวณแผงขนสั้นที่ปรากฎแยกบนแข้งขาหลังด้านในของผึ้งบางชนิด (ภาพจาก Michener (2007)),keirotrichia.jpg
pollen basket,structures-legs,ตะกร้าเก็บเรณู,
corbicular,structures-legs,หมายถึง pollen basket,
pollen press,structures-legs,ลิ่มกดเรณู,
auricle,structures-legs,เบ้ารองลิ่มกดเรณู มีลักษณะคล้ายใบหู,
rastellum,structures-legs,คราดกวาดเรณู,
pollen brushes,structures-legs,แปรงเก็บเรณู,
cuticle,structures-main,ชั้นโครงร่างของผึ้ง โดยทั่วไปจะหมายถึงเปลือกแข็งภายนอกของผึ้งที่มีการแข็งตัวเป็น exoskeleton,
exoskeleton,structures-main,โครงร่างแข็งภายนอก คือเปลือกแข็งภายนอกของผึ้ง,
prosoma,structures-main,ร่างกายส่วนหน้า (ส่วนหัว),
mesosoma,structures-main,ร่างกายส่วนกลาง (ส่วนที่เห็นภายนอกเป็นส่วนอก),
metasoma,structures-main,ร่างกายส่วนท้าย (ส่วนที่เห็นภายนอกเป็นส่วนท้อง),
pronotum,structures-mesosoma,ปล้องหน้าสุดของส่วน mesosoma,
pronotal lobe,structures-mesosoma,ส่วนของ pronotum ที่ยื่นกินพื้นที่เป็นครึ่งวงกลมของมุมด้านข้าง mesosoma,
omaulus,structures-mesosoma,แนวสันที่แบ่งระหว่างพื้นที่ด้านหน้า กับพื้นที่ด้านข้าง ของแผ่น mesepisternum,
hypoepimeral area,structures-mesosoma,บริเวณที่อยู่เหนือแผ่น mesepisternum,
episternal groove,structures-mesosoma,ร่องแนวตั้งบนแผ่น mesepisternum,
scrobe,structures-mesosoma,ร่องแนวนอนที่แบ่งระหว่างส่วนของ hypoepimeral area และ mesepisternum,
scrobal groove,structures-mesosoma,หมายถึง scrobe (ร่องแนวนอนที่แบ่งระหว่างส่วนของ hypoepimeral area และ mesepisternum),
mesepisternum,structures-mesosoma,แผ่นด้านข้างของ mesosoma ที่อยู่ถัดจากส่วน pronotum และอยู่ด้านใต้ scrobe,
mesepimeron,structures-mesosoma,หมายถึง hypoepimeral area (บริเวณที่อยู่เหนือแผ่น mesepisternum),
epimeron,structures-mesosoma,หมายถึง hypoepimeral area (บริเวณที่อยู่เหนือแผ่น mesepisternum),
metepisternum,structures-mesosoma,แผ่นด้านข้างของ mesosoma ที่อยู่ถัดจากส่วน mesepisternum แต่อยู่ก่อนหน้า propodeum,
scutum,structures-mesosoma,แผ่นใหญ่ด้านบนของส่วน mesosoma,
mesoscutum,structures-mesosoma,คำเต็มของ scutum (แผ่นใหญ่ด้านบนของส่วน mesosoma),
scutellum,structures-mesosoma,แผ่นถัดมาด้านหลังจากแผ่น scutum,
axilla,structures-mesosoma,แผ่นที่อยู่ด้านข้างของแผ่น scutellum,
tegula,structures-mesosoma,แผ่นปิดเหนือช่องปีก แผ่นปิดปีก,
notalus,structures-mesosoma,เส้นแนวสันหรือแนวร่องที่อยู่กึ่งกลางแผ่น scutum,
parapsidial line,structures-mesosoma,เส้นหลังอก ปรากฎขนานซ้ายขวากับเส้น notalus,
metanotum,structures-mesosoma,ปล้องสุดท้ายของส่วน mesosoma ถูกบีบแคบเหลือเป็นพื้นที่ด้านใต้ scutellum และเหนือ propodeum,
propodeum,structures-mesosoma,แผ่นปล้องอกติดท้อง ในทางสัณฐานวิทยาเปรียบเทียบแล้วจะเกิดจากบางส่วนของส่วนอก (thorax) กับปล้องแรกของส่วนท้อง (1st abdominal segment),
propodeal triangle,structures-mesosoma,พื้นที่บริเวณสามเหลี่ยมกลับหัวที่ปรากฎบน propodeum,
acarinarium,structures-mesosoma,ช่องเก็บไร หรือห้องเก็บไร เป็นบริเวณที่มีการเว้าเข้าในตัวผึ้งเป็นห้องและมีไรผึ้ง (bee mites) อิงอาศัยอยู่ พบในผึ้งบางชนิด,
spiracle,structures-mesosoma,รูหายใจ,
tergite,structures-metasoma,"แผ่นปล้องท้องด้านบน ใช้เรียกแต่ละแผ่น อาจเรียกเป็นตัวย่อ เช่น T1, T2, ... นับจากส่วนฐานของร่างกายส่วนท้าย (metasoma) ออกมา",
tergum,structures-metasoma,หมายถึงแผ่นปล้องท้องด้านบน (tergite),
terga,structures-metasoma,หมายถึงแผ่นปล้องท้องด้านบน (tergite) (plural form ของ tergum),
sternite,structures-metasoma,"แผ่นปล้องท้องด้านล่าง ใช้เรียกแต่ละแผ่น อาจเรียกเป็นตัวย่อ เช่น S1, S2, ... นับจากส่วนฐานของร่างกายส่วนท้าย (metasoma) ออกมา",
sternum,structures-metasoma,หมายถึงแผ่นปล้องท้องด้านล่าง (sternite),
sterna,structures-metasoma,หมายถึงแผ่นปล้องท้องด้านล่าง (sternite) (plural form ของ sternum),
premarginal line,structures-metasoma,เส้นแนวก่อนถึงขอบของแผ่นปล้องท้อง,nomiaT12mark.jpg
marginal zone,structures-metasoma,พื้นที่ตั้งแต่เส้นแนวก่อนถึงขอบ (premarginal line) ไปจนถึงขอบของแผ่นปล้องท้อง,
disc,structures-metasoma,พื้นที่ส่วนกลางแผ่นปล้องท้อง,
gradulus,structures-metasoma,ร่องปล้องท้อง,
pygidlal plate,structures-metasoma,แผ่นสามเหลี่ยมปลายท้อง เป็นโครงสร้างพืเศษบนแผ่นปล้องท้องด้านบนแผ่นสุดท้ายผึ้งบางชนิด,
pygidial fimbriae,structures-metasoma,กระจุกขนที่ปกคลุมข้าง pygidial plate,
prepygidial fimbriae,structures-metasoma,กระจุกขนที่ปกคลุมเหนือ pygidial plate โดยปรากฎบนแผ่นปล้องท้องด้านบนแผ่นรองสุดท้าย,
labrum,structures-mouthparts,แผ่นริมฝีปากบน,
mandible,structures-mouthparts,กราม (ส่วนของกรามบน),
mandibular teeth,structures-mouthparts,ฟัน ปรากฎที่ส่วนปลายของกราม,
bidentate,structures-mouthparts,มีฟันสองซี่,
tridentate,structures-mouthparts,มีฟันสามซี่,
apical tooth,structures-mouthparts,ซี่ฟันนอกสุด เป็นซี่ที่อยู่ล่างสุดของกราม,
preapical tooth,structures-mouthparts,ซี่ฟันรอง เป็นซี่ที่อยู่ก่อนซี่ล่างสุดของกราม (ภาพจาก Michener (2007)),mandible.jpg
cutting edge,structures-mouthparts,ส่วนของกราม (mandible): สันตัด มักพบในผึ้งสกุล Megachile,
acetabulum,structures-mouthparts,ส่วนของกราม (mandible): เบ้าขากรรไกร เป็นมุมฐานด้านบนสุดของกราม (ภาพจาก Michener (2007)),mandible.jpg
condyle,structures-mouthparts,ส่วนของกราม (mandible): ปุ่มขากรรไกร เป็นปุ่มนูนที่อยู่มุมฐานด้านล่างสุดของกราม (ภาพจาก Michener (2007)),mandible.jpg
acetabular groove,structures-mouthparts,ส่วนของกราม (mandible): ร่องเบ้าขากรรไกร ลากจาก acetabulum (ภาพจาก Michener (2007)),mandible.jpg
outer ridge,structures-mouthparts,ส่วนของกราม (mandible): สันขอบนอก มักลากมาจาก acetabulum และอยู่ใต้ acetabulum groove (ภาพจาก Michener (2007)),mandible.jpg
outer groove,structures-mouthparts,ส่วนของกราม (mandible): ร่องขอบนอก จะอยู่ใต้ outer ridge (ภาพจาก Michener (2007)),mandible.jpg
condylar ridge,structures-mouthparts,ส่วนของกราม (mandible): สันปุ่มขากรรไกร (ภาพจาก Michener (2007)),mandible.jpg
condylar groove,structures-mouthparts,ส่วนของกราม (mandible): ร่องปุ่มขากรรไกร จะอยู่ใต้ condylar ridge (ภาพจาก Michener (2007)),mandible.jpg
mouth orifice,structures-mouthparts,ช่องปาก,
labiomaxillary complex,structures-mouthparts,โครงสร้างปากส่วนหนึ่งของผึ้ง เกิดจากการรวมกันระหว่างส่วนของกรามล่าง (maxilla) และส่วนของริมฝีปากล่าง (labium) ได้เป็นโครงสร้างที่ใช้ดูดเลีย,
cardo,structures-mouthparts,ฐานกรามล่าง,
stipes,structures-mouthparts,ก้านกรามล่าง ต่อถัดมาจากส่วนฐานกรามบน (cardo),
galea,structures-mouthparts,แผ่นปลายกรามล่างนอก,
lacinia,structures-mouthparts,แผ่นปลายกรามล่างใน,
maxillary palpus,structures-mouthparts,หนวดย่อยของกรามล่าง,
labial palpus,structures-mouthparts,หนวดย่อยของริมฝีปากล่าง,
mentum,structures-mouthparts,ฐานริมฝีปากล่าง,
prementum,structures-mouthparts,แผ่นหน้าฐานริมฝีปากล่าง,
paraglossa,structures-mouthparts,ส่วนข้างลิ้น,
glossa,structures-mouthparts,ลิ้น,
flabellum,structures-mouthparts,ติ่งปลายลิ้น,
head,structures-prosoma,หัว,
clypeus,structures-prosoma,แผ่นหน้า แผ่นเหนือช่องปาก (ภาพจาก Michener (2007)),headFront.jpg
epistomal suture,structures-prosoma,รอยต่อแผ่น clypeus (ภาพจาก Michener (2007)),headFront.jpg
paraocular area,structures-prosoma,พื้นที่ข้างตาประกอบ (ภาพจาก Michener (2007)),headFront.jpg
paraocular lobe,structures-prosoma,พื้นที่ข้างตาประกอบ ส่วนที่ยื่นลงใกล้แผ่น clypeus,
supraclypeal area,structures-prosoma,พื้นที่เหนือแผ่น clypeus (ภาพจาก Michener (2007)),headFront.jpg
anterior tentorial pit,structures-prosoma,หลุมยึดกล้ามเนื้อฝั่งหน้า บริเวณ epistomal suture (ภาพจาก Michener (2007)),headFront.jpg
subantennal suture,structures-prosoma,ร่องที่ลากเชื่อมระหว่างช่องหนวดกับแผ่น clypeus (ภาพจาก Michener (2007)),headFront.jpg
antenna socket,structures-prosoma,เบ้าหนวด ปริเวณที่หนวดเชื่อมต่อกับส่วนหัว (ภาพจาก Michener (2007)),headFront.jpg
juxtaantennal carina,structures-prosoma,สันนูนข้างขอบในเบ้าหนวดที่พบในผึ้งบางชนิด จะปรากฏเป็นคู่ทั้งด้านซ้ายและด้านขวา (ลูกศรสีเหลือง),carina.jpg
median carina,structures-prosoma,สันกลาง มักหมายถึงสันนูนระหว่างกลางเบ้าหนวด พบในผึ้งบางชนิด (ลูกศรสีแดง),carina.jpg
frons,structures-prosoma,พื้นที่หน้าผาก ระหว่าง suparclypeal area กับ paraocular area (ภาพจาก Michener (2007)),headFront.jpg
vertex,structures-prosoma,พื้นที่บริเวณกระหม่อม อยู่ในบริเวณของ ocelli (ภาพจาก Michener (2007)),headFront.jpg
ocellus,structures-prosoma,ตาเดี่ยว เกี่ยวข้องกับการรับแสงโดยเฉพาะความเข้มแสง (ภาพจาก Michener (2007)),headFront.jpg
ocelli,structures-prosoma,รูปพหูพจน์ของตาเดี่ยว (ocellus) (ภาพจาก Michener (2007)),headFront.jpg
orbit,structures-prosoma,ขอบของตาประกอบ,
gena,structures-prosoma,แก้ม เป็นบริเวณด้านข้างที่อยู่ถัดจาก compound eye (ภาพจาก Michener (2007)),headLat.jpg
malar space,structures-prosoma,พื้นที่ระหว่างตาประกอบกับกราม นิยมใช้ระยะของพื้นที่นี้ (length of malar area) ในการช่วยระบุชนิด (ภาพจาก Michener (2007)),headLat.jpg
preoccipital area,structures-prosoma,พื้นที่บริเวณขอบหัว,
preoccipital ridge,structures-prosoma,สันบริเวณขอบหัว,
occiput,structures-prosoma,ท้ายทอย ด้านหลังของหัว (ภาพจาก Michener (2007)),headBack.jpg
hypostoma,structures-prosoma,พื้นที้ด้านใต้หัว เป็นแนวด้านข้างช่องปาก (ภาพจาก Michener (2007)),headBack.jpg
hypostomal area,structures-prosoma,หมายถึง hypostoma (พื้นที้ด้านใต้หัว เป็นแนวด้านข้างช่องปาก) (ภาพจาก Michener (2007)),headBack.jpg
antenna,structures-prosoma,หนวด,antenna.jpg
scape,structures-prosoma,ส่วนของหนวด (antenna) : ปล้องฐานหนวด,antenna.jpg
pedicel,structures-prosoma,ส่วนของหนวด (antenna) : ข้องอ หรือปล้องรองฐานหนวด,antenna.jpg
flagellum,structures-prosoma,ส่วนของหนวด (antenna) : ปล้องปลายหนวด เป็นเส้นยาวต่อถัดออกมาจากข้องอ,antenna.jpg
flagellomere,structures-prosoma,"ส่วนของหนวด (antenna) : ปล้องย่อยของปล้องปลายหนวด เป็นปล้องเทียม (pseudosegment) อาจเรียกเป็นตัวย่อได้เช่น F1, F2, ... นับจากฐานไปจนถึงปลาย",antenna.jpg
clavate,structures-shape,รูปร่างคล้ายกระบอง ปลายป่องออกเล็กน้อย,
geniculate,structures-shape,เป็นข้อหักศอก,
angulate,structures-shape,ยื่นทำมุม,
spiculate,structures-shape,ยื่นปลายติ่งแหลมเล็ก,
truncate,structures-shape,ปลายตัด คล้ายตัดเป็นตอไม้,
rotund,structures-shape,อ้วนกลม อวบ,
robust,structures-shape,สันทัด กำยำ,
slim,structures-shape,ผอม เพรียวบาง,
sting apparatus,structures-sting,ชุดอวัยวะเหล็กใน,
stylus,structures-sting,แท่งเหล็กใน,
lancet,structures-sting,ใบเลื่อยเหล็กใน,
barb,structures-sting,เงี่ยงเหล็กใน,
barbules,structures-sting,เงี่ยงย่อย เช่น เงี่ยงย่อยบนเหล็กใน,
wing,structures-wings,ปีก โดยปีกของผึ้งจะมีสองคู่ ได้แก่ ปีกหน้า (forewing) ที่มีขนาดใหญ่กว่า และปีกหลัง (hindwing) ที่มีขนาดเล็กกว่า,wing.jpg
stigma,structures-wings,จุดแต้มปีก มักปรากฎบนปีกหน้า เกี่ยวข้องกับสมดุลย์น้ำหนักในการบิน,wingNomia2.jpg
pterostigma,structures-wings,คำเต็มของจุดแต้มปีก (stigma),wingNomia2.jpg
prestigma,structures-wings,ฐานจุดแต้มปีก,wingNomia2.jpg
forewing,structures-wings,ปีกหน้า จะมีขนาดใหญ่กว่าปีกหลังและมีเส้นปีกซับซ้อนกว่า มักมีจุดแต้มปีก (stigma) ปรากฎ (ภาพจาก Michener (2007)),wing.jpg
hindwing,structures-wings,ปีกหลัง จะมีขนาดเล็กกว่าปีกหลัง มีเส้นปีกซับซ้อนน้อยกว่า เป็นที่อยู่ของโครงสร้างตะขอเกี่ยวปีก (hamuli) (ภาพจาก Michener (2007)),wing.jpg
vein,structures-wings,เส้นปีก,wingNomia2.jpg
venation,structures-wings,หมายถึงเส้นปีก (vein),wingNomia2.jpg
marginal cell,structures-wings,ห้องที่อยู่ขอบนอกสุดของปีกหน้า (ภาพจาก Michener (2007)),wing.jpg
submarginal cell,structures-wings,ห้องที่อยู่ใต้ห้องที่อยู่ขอบนอกสุดของปีกหน้า (marginal cell) (ภาพจาก Michener (2007)),wing.jpg
2nd abscissa vein m,structures-wings,เส้นเชื่อมเส้นที่ 2 เป็นสักษณะสำคัญบนปีกหลังที่ใช้ในการแยกชนิดผึ้งโพรงและผึ้งพันธุ์,
radial cell,structures-wings,ห้องใต้เส้น radial vein (ภาพจาก Michener (2007)),wing.jpg
cubital cell,structures-wings,ห้องใต้เส้น cubital vein (ภาพจาก Michener (2007)),wing.jpg
hamuli,structures-wings,ตะขอเกี่ยวปีก ปรากฎบนของหล้าของปีกหลัง ใช้เกี่ยวปีกหน้าและปีกหลังเข้าด้วยกัน (ภาพจาก Michener (2007)),wing.jpg
vannal lobe,structures-wings,กลีบปีกล่าง (ภาพจาก Michener (2007)),wing.jpg
jugal lobe,structures-wings,กลีบปีกท้าย (ภาพจาก Michener (2007)),wing.jpg
acute,surfaces-margin,แหลม,
subacute,surfaces-margin,แหลมเล็กน้อย แหลมปลายมน,
obtuse,surfaces-margin,ป้าน ทู่,
round,surfaces-margin,โค้งกลม,
entire,surfaces-margin,เรียบ,
lobed,surfaces-margin,เป็นหยัก เป็นพู,
lobate,surfaces-margin,เป็นหยัก เป็นพู,
crenate,surfaces-margin,โค้งเป็นหยักมน,
crenulate,surfaces-margin,โค้งเป็นหยักมนละเอียด,
emarginate,surfaces-margin,มีส่วนเว้าเข้า,
dentate,surfaces-margin,แหลมเป็นหยักซี่ฟันคล้ายใบเลื่อย,
serrate,surfaces-margin,แหลมเป็นหยักซี่ฟันคล้ายใบเลื่อยละเอียด,
undulate,surfaces-margin,โค้งเป็นลอนคลื่น,
sinuate,surfaces-margin,โค้งเป็นลอนคลื่นละเอียด,
modify,surfaces-modification,มีการดัดแปลง (modified) รูปร่างจนผิดแปลกไปจากรูปแบบปกติ เช่น ลักษณะขาของผึ้งเพศผู้บางชนิดที่มีการดัดแปลงเปลี่ยนไป,modify.jpg
punctures,surfaces-modification,รู หลุม (รอยบุ๋มเป็นรู ๆ กระจายบนพื้นผิว),nomiaT12.jpg
punctures quantification,surfaces-modification,การศึกษาลักษณะของการมีรอยบุ๋ม (punctuation) บนพื้นผิวของตัวผึ้ง โดยจะมีการศึกษาทั้งในแง่ของขนาด รูปร่าง และการกระจายตัว,punctureQuant.jpg
comb,surfaces-modification,หวี ปรากฎเป็นซี่หวี,comb.jpg
convex,surfaces-modification,นูน โป่งนูนออก,
concave,surfaces-modification,เว้า เว้าลึกลง,
glabrous,surfaces-modification,ไม่มีขนปกคลุม,glabrous.jpg
pubescens,surfaces-modification,มีขนปกคลุม,
shiny,surfaces-modification,พื้นผิวแวววาว,glabrous.jpg
polished,surfaces-modification,พื้นผิวเรียบ,glabrous.jpg
dull,surfaces-modification,พื้นผิวหม่น ไม่วาวแสง,dull.jpg
imbricate,surfaces-modification,ย่น,
coriaceous,surfaces-modification,พื้นผิวมีการสลักลวดลายขนาดเล็กมาก ๆ คล้ายผิวหนังมนุษย์,
tessellate,surfaces-modification,พื้นผิวมีการสลักลวดลายขนาดเล็กมาก ๆ เป็นแผ่นรอยบางอย่างเรียงกันซ้ำๆ คล้ายหนังกิ้งก่า,
shagreened,surfaces-modification,พื้นผิวขรุขระเป็นปุ่มขนาดเล็กคล้ายหนังปลากระเบน,
decussate,surfaces-modification,รูปร่างเป็นรอยกากบาท,
wrink,surfaces-modification,ย่น รอยยับ รอยเหี่ยวย่น,wrink.jpg
rugose,surfaces-modification,มีรอยยับ รอยย่นแบบผิวกระเพาะอาหาร (rugae),areolate.jpg
areolate,surfaces-modification,มีรอยย่นเป็นช่องปิดบางอย่าง,areolate.jpg
striate,surfaces-modification,มีรอยย่นริ้วเป็นแนว ความหมายคล้าย carinulate,striate.jpg
carinulate,surfaces-modification,มีรอยย่นริ้วเป็นแนว ความหมายคล้าย striate,striate.jpg
microsculptures,surfaces-modification,พื้นผิวมีการสลักลวดลายขนาดเล็กมาก ๆ,
process,surfaces-modification,ส่วนที่ยื่นออก,
projection,surfaces-modification,ส่วนที่ยื่นออก,
spine,surfaces-modification,พื้นผิวที่มีการยื่นออกเป็นหนามแหลม,
carinated,surfaces-modification,พื้นผิวที่มีการยกตัวเป็นสัน,
lamellated,surfaces-modification,พื้นผิวที่มีการยกตัวหรือยื่นออกเป็นสันบางหรือแผ่นบาง,
fovea,surfaces-modification,รอยบุ๋มขนาดใหญ่,
impressed,surfaces-modification,ยกตัวขึ้น,
depressed,surfaces-modification,ยุบตัวลง,
sulcus,surfaces-modification,ร่อง,
suture,surfaces-modification,ร่องระหว่างแผ่นโครงสร้างที่เชื่อมกัน ขยับจากกันไม่ได้,
tandem,surfaces-modification,ต่อกัน เรียงตามกัน,
perpendicular,surfaces-modification,ตั้งฉาก ตั้งตรง,
pilosity,surfaces-pilosity-hair,ขน ลักษณะที่มีขน,
branching,surfaces-pilosity-hair,มีการแตกแขนง,
erected,surfaces-pilosity-hair,ชูขึ้น ยกตัวขึ้น,
appressed,surfaces-pilosity-hair,กดราบไปกับพื้นผิว,appressed.jpg
plumose,surfaces-pilosity-hair,ขนที่แตกแขนงละเอียดเป็นพู่นุ่มคล้ายขนนก,
spinuate,surfaces-pilosity-hair,ขนที่แตกแขนงเล็กน้อย แต่ละแขนงยื่นยาวออกเป็นหนามชัดเจน,
pectinate,surfaces-pilosity-hair,ขนที่แตกแขนง โดยแต่ละแขนงยื่นยาวออกชัดเจนเรียงคล้ายซี่หวี,
simple,surfaces-pilosity-hair,ขนปกติที่ไม่มีการแตกแขนง ปลายเรียวแหลม,
blunt,surfaces-pilosity-hair,ขนปกติที่ไม่มีการแตกแขนง ปลายตัด,
scopa,surfaces-pilosity-hair,แผงขนเก็บเรณู พบในผึ้งบางกลุ่ม โดยอาจพบได้ในบริเวณต่าง ๆ เช่น ด้านท้องของ mesosoma ในกลุ่มผึ้งกัดใบ,
scopal hair,surfaces-pilosity-hair,ขนของแผงขนเก็บเรณู,
hooked,surfaces-pilosity-hair,ส่วนปลายมีการโค้งคล้ายตะขอ,
spatulated,surfaces-pilosity-hair,ส่วนปลายมีการแผ่ป้านคล้ายปลายช้อน,
bristle,surfaces-pilosity-hair,ขนที่มีความหนา,
scaled,surfaces-pilosity-hair,ขนที่หนา สั้น รูปร่างคล้ายเกล็ด,
tuft,surfaces-pilosity-hair,แนวแผงขนที่มีการกระจุกอย่างหนาแน่น (hair tuft),tuft.jpg
fringe,surfaces-pilosity-hair,แผงขน แนวแผงขน,
tomentum,surfaces-pilosity-hair,แถบขนยาวนุ่ม,
fascia,surfaces-pilosity-hair,แถบขนสั้นที่เรียงตัวกัน มีการกดราบไปกับพื้นผิวคล้ายมีพังผืด (fascia) เคลือบ,
